index,suspicious,fleshReadingEase,numOfPunctN,typeToken
1,suspicious-document00007.txt,104.64,0.3465346534653465,0.7777777777777778
2,suspicious-document00007.txt,52.12,0.136986301369863,0.6701570680628273
3,suspicious-document00007.txt,43.4,0.11191335740072202,0.5833333333333334
4,suspicious-document00007.txt,55.37,0.08955223880597014,0.6528925619834711
5,suspicious-document00007.txt,52.46,0.13793103448275862,0.6312849162011173
6,suspicious-document00007.txt,74.87,0.14705882352941177,0.7666666666666667
7,suspicious-document00007.txt,53.89,0.12121212121212122,0.551219512195122
